IP Address,Port,Code,Country,Anonymity,Google,Https,Last Checked
110.74.221.18,53348,KH,Cambodia,elite proxy,no,yes,6 seconds ago
45.7.133.174,3128,CO,Colombia,elite proxy,no,yes,6 seconds ago
102.164.199.76,47149,ZA,South Africa,anonymous,no,yes,6 seconds ago
181.196.254.202,53281,EC,Ecuador,elite proxy,no,yes,6 seconds ago
193.95.228.13,53281,SI,Slovenia,elite proxy,no,yes,6 seconds ago
212.24.53.118,3128,RU,Russian Federation,anonymous,no,yes,6 seconds ago
117.212.89.138,37774,IN,India,elite proxy,no,yes,6 seconds ago
186.219.96.47,60883,BR,Brazil,anonymous,no,yes,6 seconds ago
5.133.11.92,3838,PL,Poland,elite proxy,no,yes,6 seconds ago
118.173.232.215,43186,TH,Thailand,anonymous,no,yes,6 seconds ago
202.79.56.90,23500,NP,Nepal,elite proxy,no,yes,6 seconds ago
103.250.157.34,44611,IN,India,elite proxy,no,yes,6 seconds ago
46.172.76.114,44542,UA,Ukraine,anonymous,no,yes,6 seconds ago
103.115.119.250,31162,BD,Bangladesh,elite proxy,no,yes,6 seconds ago
36.80.43.139,8080,ID,Indonesia,elite proxy,no,yes,6 seconds ago
103.253.27.108,80,SG,Singapore,anonymous,no,yes,6 seconds ago
5.133.11.93,3838,PL,Poland,elite proxy,no,yes,6 seconds ago
202.40.188.94,40486,BD,Bangladesh,elite proxy,no,yes,6 seconds ago
178.213.130.159,60253,AM,Armenia,anonymous,no,yes,6 seconds ago
36.67.66.202,47275,ID,Indonesia,elite proxy,no,yes,6 seconds ago
217.219.31.210,38073,IR,Iran,elite proxy,no,yes,6 seconds ago
84.53.247.204,53281,RU,Russian Federation,anonymous,no,yes,6 seconds ago
109.172.57.250,23500,RU,Russian Federation,elite proxy,no,yes,6 seconds ago
179.124.19.9,38848,BR,Brazil,elite proxy,no,yes,6 seconds ago
103.25.167.200,40809,ID,Indonesia,elite proxy,no,yes,6 seconds ago
46.180.156.230,35808,RU,Russian Federation,elite proxy,no,yes,6 seconds ago
5.133.11.95,3838,PL,Poland,elite proxy,no,yes,6 seconds ago
37.28.153.214,3838,PL,Poland,elite proxy,no,yes,6 seconds ago
138.219.147.197,53281,BR,Brazil,elite proxy,no,yes,6 seconds ago
190.57.143.66,50719,EC,Ecuador,elite proxy,no,yes,6 seconds ago
87.76.34.147,35782,KZ,Kazakhstan,elite proxy,no,yes,6 seconds ago
139.5.71.46,23500,NP,Nepal,elite proxy,no,yes,6 seconds ago
103.106.114.134,8080,ID,Indonesia,elite proxy,no,yes,6 seconds ago
114.134.186.59,39777,KH,Cambodia,elite proxy,no,yes,6 seconds ago
190.152.71.30,58727,EC,Ecuador,elite proxy,no,yes,6 seconds ago
89.36.195.238,39131,IR,Iran,elite proxy,no,yes,6 seconds ago
27.50.18.42,23500,ID,Indonesia,elite proxy,no,yes,6 seconds ago
196.0.111.194,34638,UG,Uganda,elite proxy,no,yes,6 seconds ago
223.25.101.84,54795,ID,Indonesia,elite proxy,no,yes,6 seconds ago
217.219.61.6,8080,IR,Iran,elite proxy,no,yes,6 seconds ago
160.238.227.153,56440,BR,Brazil,elite proxy,no,yes,6 seconds ago
165.22.213.55,3128,IN,India,anonymous,no,yes,6 seconds ago
103.112.163.245,8080,ID,Indonesia,anonymous,no,yes,6 seconds ago
178.151.205.154,45099,UA,Ukraine,elite proxy,no,yes,6 seconds ago
36.91.28.210,8080,ID,Indonesia,elite proxy,no,yes,6 seconds ago
102.176.160.84,8080,GN,Guinea,elite proxy,no,yes,6 seconds ago
138.122.140.18,3128,BR,Brazil,anonymous,no,yes,6 seconds ago
42.112.34.31,3431,VN,Vietnam,elite proxy,no,yes,6 seconds ago
93.157.163.66,35081,RU,Russian Federation,elite proxy,no,yes,6 seconds ago
162.249.248.218,53281,US,United States,anonymous,no,yes,6 seconds ago
85.10.219.98,1080,DE,Germany,elite proxy,no,yes,6 seconds ago
185.61.92.207,35847,RU,Russian Federation,elite proxy,no,yes,6 seconds ago
118.172.51.110,36552,TH,Thailand,elite proxy,no,yes,6 seconds ago
155.0.181.254,37984,ZM,Zambia,anonymous,no,yes,6 seconds ago
196.1.184.6,55330,NG,Nigeria,elite proxy,no,yes,6 seconds ago
178.172.208.4,32231,BY,Belarus,elite proxy,no,yes,6 seconds ago
46.174.234.189,59949,PL,Poland,elite proxy,no,yes,6 seconds ago
179.108.123.210,45970,BR,Brazil,elite proxy,no,no,18 seconds ago
80.255.91.38,42807,RU,Russian Federation,elite proxy,no,no,18 seconds ago
103.240.206.196,35101,IN,India,elite proxy,no,yes,18 seconds ago
185.222.59.201,5836,NL,Netherlands,transparent,no,no,18 seconds ago
45.226.48.38,60143,BR,Brazil,transparent,no,no,18 seconds ago
113.53.255.222,8080,TH,Thailand,elite proxy,no,no,18 seconds ago
103.194.242.254,60025,IN,India,elite proxy,no,no,18 seconds ago
190.90.63.111,49225,CO,Colombia,elite proxy,no,no,18 seconds ago
124.158.183.196,8080,ID,Indonesia,elite proxy,no,no,18 seconds ago
119.81.199.83,8123,SG,Singapore,elite proxy,no,no,18 seconds ago
195.154.52.142,3838,FR,France,elite proxy,no,no,18 seconds ago
182.52.90.42,51657,TH,Thailand,elite proxy,no,no,18 seconds ago
118.173.233.80,31559,TH,Thailand,elite proxy,no,no,18 seconds ago
217.165.93.149,53281,AE,United Arab Emirates,elite proxy,no,no,18 seconds ago
213.178.38.246,38978,RU,Russian Federation,elite proxy,no,no,18 seconds ago
181.168.206.106,38024,AR,Argentina,elite proxy,no,no,18 seconds ago
119.15.82.222,37790,KH,Cambodia,elite proxy,no,yes,18 seconds ago
185.34.22.225,37879,RU,Russian Federation,elite proxy,no,no,18 seconds ago
202.138.242.41,46701,ID,Indonesia,elite proxy,no,no,18 seconds ago
209.126.68.210,3838,US,United States,elite proxy,no,no,18 seconds ago
216.10.242.231,80,IN,India,elite proxy,no,no,18 seconds ago
125.26.108.170,61637,TH,Thailand,elite proxy,no,no,1 minute ago
81.201.60.130,80,CZ,Czech Republic,elite proxy,no,yes,1 minute ago
79.111.13.155,50625,RU,Russian Federation,elite proxy,no,no,1 minute ago
119.81.199.81,8123,SG,Singapore,elite proxy,no,no,1 minute ago
180.250.153.129,53281,ID,Indonesia,elite proxy,no,no,1 minute ago
207.154.231.213,8080,DE,Germany,anonymous,no,no,1 minute ago
1.20.101.114,30809,TH,Thailand,elite proxy,no,no,1 minute ago
203.202.245.58,80,BD,Bangladesh,anonymous,no,no,1 minute ago
143.0.92.162,80,CO,Colombia,anonymous,no,no,1 minute ago
35.203.34.108,8080,US,United States,anonymous,no,no,1 minute ago
191.98.184.122,52307,PE,Peru,elite proxy,no,no,1 minute ago
159.8.114.34,8123,FR,France,elite proxy,no,no,1 minute ago
42.115.88.71,62225,KH,Cambodia,elite proxy,no,no,1 minute ago
169.57.1.85,8123,MX,Mexico,elite proxy,no,no,1 minute ago
185.79.242.253,42978,PL,Poland,elite proxy,no,no,1 minute ago
95.65.73.200,60952,MD,Moldova, Republic of,elite proxy,no,no,1 minute ago
13.250.44.105,8888,SG,Singapore,elite proxy,no,no,1 minute ago
119.81.199.84,8123,SG,Singapore,elite proxy,no,no,1 minute ago
187.130.139.197,8080,MX,Mexico,elite proxy,no,yes,1 minute ago
124.41.211.52,30374,NP,Nepal,elite proxy,no,no,1 minute ago
167.71.5.83,8080,NL,Netherlands,anonymous,no,no,1 minute ago
47.89.177.54,80,US,United States,anonymous,no,no,1 minute ago
77.73.69.56,80,RU,Russian Federation,anonymous,no,no,1 minute ago
66.248.205.105,80,NL,Netherlands,transparent,no,no,1 minute ago
116.203.81.171,80,DE,Germany,transparent,no,no,3 minutes ago
110.172.167.129,80,IN,India,level3,no,no,3 minutes ago
103.87.170.59,33574,IN,India,transparent,no,no,4 minutes ago
194.143.251.20,41258,HU,Hungary,transparent,no,no,4 minutes ago
47.91.217.100,80,HK,Hong Kong,transparent,no,no,5 minutes ago
85.147.153.34,80,NL,Netherlands,transparent,no,no,5 minutes ago
142.93.136.94,58118,NL,Netherlands,transparent,no,no,7 minutes ago
40.71.228.158,80,US,United States,elite proxy,no,no,11 minutes ago
118.69.50.154,80,VN,Vietnam,anonymous,no,no,11 minutes ago
104.41.5.226,3128,BR,Brazil,anonymous,no,no,11 minutes ago
178.151.178.218,30923,UA,Ukraine,elite proxy,no,no,11 minutes ago
20.43.156.109,80,SG,Singapore,anonymous,no,no,11 minutes ago
210.56.245.101,8080,AU,Australia,elite proxy,no,no,11 minutes ago
167.172.152.115,3128,US,United States,anonymous,no,no,11 minutes ago
34.91.135.38,80,US,United States,anonymous,no,yes,11 minutes ago
49.255.169.12,80,AU,Australia,anonymous,no,no,11 minutes ago
58.162.229.173,46664,AU,Australia,elite proxy,no,no,11 minutes ago
129.226.139.145,8088,HK,Hong Kong,anonymous,no,no,11 minutes ago
195.154.51.252,3838,FR,France,elite proxy,no,yes,11 minutes ago
103.235.199.46,31611,NP,Nepal,elite proxy,no,yes,11 minutes ago
101.51.106.70,49285,TH,Thailand,elite proxy,no,yes,11 minutes ago
51.15.156.79,3838,FR,France,elite proxy,no,yes,11 minutes ago
42.3.51.114,80,HK,Hong Kong,anonymous,no,no,11 minutes ago
201.190.184.22,46740,AR,Argentina,elite proxy,no,yes,11 minutes ago
5.189.133.231,80,DE,Germany,elite proxy,no,no,11 minutes ago
103.250.156.22,30093,IN,India,elite proxy,no,yes,11 minutes ago
159.138.21.170,80,US,United States,anonymous,no,no,11 minutes ago
80.48.119.28,8080,PL,Poland,elite proxy,no,no,11 minutes ago
103.105.49.53,80,US,United States,anonymous,no,no,11 minutes ago
51.15.153.117,3838,FR,France,elite proxy,no,yes,11 minutes ago
47.88.7.18,8088,US,United States,anonymous,no,no,11 minutes ago
167.71.91.204,8080,US,United States,anonymous,no,no,11 minutes ago
103.28.121.58,3128,BD,Bangladesh,anonymous,no,yes,11 minutes ago
103.140.24.21,34925,BD,Bangladesh,elite proxy,no,no,11 minutes ago
116.0.2.162,45054,ID,Indonesia,elite proxy,no,no,11 minutes ago
103.86.135.2,8191,PK,Pakistan,elite proxy,no,yes,11 minutes ago
182.53.197.21,44626,TH,Thailand,elite proxy,no,yes,11 minutes ago
103.12.161.35,47091,KH,Cambodia,elite proxy,no,no,11 minutes ago
191.233.232.67,80,BR,Brazil,anonymous,no,no,11 minutes ago
104.248.228.113,3128,US,United States,anonymous,no,no,11 minutes ago
81.16.10.141,33766,AM,Armenia,elite proxy,no,yes,11 minutes ago
31.40.135.67,57166,RU,Russian Federation,elite proxy,no,no,11 minutes ago
103.216.51.210,8191,KH,Cambodia,elite proxy,no,yes,11 minutes ago
186.226.171.163,54180,BR,Brazil,elite proxy,no,no,11 minutes ago
103.242.107.201,8181,ID,Indonesia,anonymous,no,no,11 minutes ago
3.22.74.49,3128,US,United States,anonymous,no,no,11 minutes ago
13.85.25.59,8080,US,United States,anonymous,no,no,11 minutes ago
185.134.23.198,80,GB,United Kingdom,anonymous,no,no,11 minutes ago
45.235.163.35,33265,BR,Brazil,elite proxy,no,no,11 minutes ago
95.140.27.135,39823,RU,Russian Federation,elite proxy,no,no,11 minutes ago
188.165.141.114,3129,FR,France,elite proxy,no,yes,11 minutes ago
187.188.182.107,33244,MX,Mexico,elite proxy,no,no,11 minutes ago
190.186.1.46,37607,BO,Bolivia,elite proxy,no,no,11 minutes ago
178.172.208.244,32231,BY,Belarus,elite proxy,no,yes,11 minutes ago
103.206.254.170,65103,ID,Indonesia,elite proxy,no,yes,11 minutes ago
177.202.43.110,50281,BR,Brazil,elite proxy,no,no,11 minutes ago
103.227.255.43,80,ID,Indonesia,anonymous,no,no,11 minutes ago
209.190.32.28,3128,US,United States,elite proxy,no,no,11 minutes ago
103.108.159.91,8080,ID,Indonesia,anonymous,no,yes,11 minutes ago
167.99.102.249,8080,US,United States,anonymous,no,no,11 minutes ago
103.106.219.116,8080,ID,Indonesia,anonymous,no,no,11 minutes ago
180.180.175.70,59692,TH,Thailand,elite proxy,no,no,11 minutes ago
103.12.160.200,53281,KH,Cambodia,elite proxy,no,no,11 minutes ago
104.207.147.141,8080,US,United States,anonymous,no,no,11 minutes ago
5.133.11.94,3838,PL,Poland,elite proxy,no,no,11 minutes ago
94.141.244.39,34166,RU,Russian Federation,elite proxy,no,no,11 minutes ago
82.200.233.10,3128,KZ,Kazakhstan,elite proxy,no,yes,11 minutes ago
103.194.192.29,60165,IN,India,elite proxy,no,no,11 minutes ago
49.255.169.11,80,AU,Australia,anonymous,no,no,11 minutes ago
182.16.166.86,54252,ID,Indonesia,elite proxy,no,no,11 minutes ago
185.134.23.196,80,GB,United Kingdom,anonymous,no,no,11 minutes ago
173.212.202.65,80,DE,Germany,elite proxy,no,no,11 minutes ago
123.27.3.246,39915,VN,Vietnam,elite proxy,no,no,11 minutes ago
103.212.93.193,32228,IN,India,elite proxy,no,no,11 minutes ago
51.75.165.0,8080,GB,United Kingdom,elite proxy,no,no,11 minutes ago
203.19.88.59,80,AU,Australia,anonymous,no,no,11 minutes ago
38.143.68.48,3128,US,United States,anonymous,no,no,11 minutes ago
201.193.180.14,31889,CR,Costa Rica,elite proxy,no,no,11 minutes ago
163.172.192.176,3838,GB,United Kingdom,elite proxy,no,yes,11 minutes ago
64.71.145.122,3128,US,United States,anonymous,no,yes,11 minutes ago
52.191.103.11,3128,US,United States,anonymous,no,yes,11 minutes ago
181.118.167.104,80,CL,Chile,elite proxy,no,yes,11 minutes ago
172.104.57.209,666,SG,Singapore,elite proxy,no,yes,11 minutes ago
212.243.94.102,8080,CH,Switzerland,elite proxy,no,yes,11 minutes ago
20.43.156.27,80,SG,Singapore,anonymous,no,no,11 minutes ago
65.184.156.234,33247,US,United States,elite proxy,no,yes,11 minutes ago
150.109.32.166,80,HK,Hong Kong,anonymous,no,no,11 minutes ago
3.9.34.151,3128,GB,United Kingdom,anonymous,no,yes,11 minutes ago
113.254.178.224,80,HK,Hong Kong,anonymous,no,no,11 minutes ago
160.2.38.41,8080,US,United States,elite proxy,no,yes,11 minutes ago
45.64.99.26,8080,ID,Indonesia,anonymous,no,yes,11 minutes ago
78.140.7.239,51884,RU,Russian Federation,elite proxy,no,no,11 minutes ago
103.3.225.114,37523,BD,Bangladesh,elite proxy,no,yes,11 minutes ago
131.161.68.29,33716,BR,Brazil,elite proxy,no,no,11 minutes ago
118.172.211.37,58728,TH,Thailand,elite proxy,no,no,11 minutes ago
49.255.169.13,80,AU,Australia,anonymous,no,no,11 minutes ago
185.41.154.18,5836,FR,France,transparent,no,no,11 minutes ago
212.154.58.115,37470,TR,Turkey,transparent,no,no,11 minutes ago
171.245.198.255,3128,VN,Vietnam,level3,no,no,12 minutes ago
117.212.89.27,8080,IN,India,level3,no,no,12 minutes ago
179.106.105.64,20183,BR,Brazil,level3,no,no,12 minutes ago
157.245.65.128,3128,NL,Netherlands,level3,no,no,12 minutes ago
118.99.103.129,8080,ID,Indonesia,level3,no,no,12 minutes ago
117.212.195.244,8080,IN,India,level3,no,no,12 minutes ago
105.27.238.166,80,KE,Kenya,transparent,no,no,13 minutes ago
185.232.66.127,5836,RO,Romania,level3,no,no,13 minutes ago
188.213.143.131,5836,NL,Netherlands,level3,no,no,13 minutes ago
136.244.104.33,8080,NL,Netherlands,level3,no,no,13 minutes ago
188.68.240.144,5836,PL,Poland,level3,no,no,13 minutes ago
128.199.215.186,8989,SG,Singapore,level3,no,no,13 minutes ago
193.108.117.189,5836,DE,Germany,level3,no,no,13 minutes ago
45.76.39.26,3128,NL,Netherlands,level3,no,no,13 minutes ago
188.213.143.165,5836,NL,Netherlands,level3,no,no,13 minutes ago
188.212.102.223,5836,RO,Romania,level3,no,no,13 minutes ago
150.129.151.42,6666,IN,India,transparent,no,no,16 minutes ago
186.10.82.22,39405,CL,Chile,elite proxy,no,no,21 minutes ago
94.228.21.66,30784,AM,Armenia,elite proxy,no,no,21 minutes ago
139.162.52.231,8080,SG,Singapore,anonymous,no,no,21 minutes ago
51.91.158.22,3128,FR,France,elite proxy,no,no,21 minutes ago
40.121.198.48,80,US,United States,elite proxy,no,no,21 minutes ago
139.255.123.194,4550,ID,Indonesia,elite proxy,no,yes,21 minutes ago
3.16.78.94,3838,US,United States,elite proxy,no,yes,21 minutes ago
61.19.40.50,33665,TH,Thailand,elite proxy,no,no,21 minutes ago
47.241.65.148,3154,US,United States,anonymous,no,yes,21 minutes ago
34.208.91.142,3838,US,United States,elite proxy,no,yes,21 minutes ago
213.6.204.153,52263,PS,Palestinian Territory,elite proxy,no,yes,21 minutes ago
1.4.157.35,46944,TH,Thailand,elite proxy,no,no,21 minutes ago
51.79.160.151,80,SG,Singapore,anonymous,no,no,21 minutes ago
103.86.155.78,52554,ID,Indonesia,elite proxy,no,no,21 minutes ago
210.56.13.34,80,PK,Pakistan,anonymous,no,no,21 minutes ago
200.52.141.162,53281,MX,Mexico,elite proxy,no,yes,21 minutes ago
89.34.208.223,50478,RO,Romania,elite proxy,no,yes,21 minutes ago
158.255.57.174,51172,LV,Latvia,elite proxy,no,no,21 minutes ago
115.74.201.137,42108,VN,Vietnam,elite proxy,no,no,21 minutes ago
103.250.68.213,38562,BD,Bangladesh,elite proxy,no,no,21 minutes ago
94.30.97.245,80,GB,United Kingdom,elite proxy,no,no,21 minutes ago
1.20.101.145,61619,TH,Thailand,elite proxy,no,no,21 minutes ago
185.134.23.197,80,GB,United Kingdom,anonymous,no,no,21 minutes ago
94.127.144.179,39030,RU,Russian Federation,elite proxy,no,no,21 minutes ago
131.221.64.152,23500,AR,Argentina,elite proxy,no,yes,21 minutes ago
202.166.220.150,47806,NP,Nepal,elite proxy,no,no,21 minutes ago
196.41.102.130,46004,ZA,South Africa,elite proxy,no,no,21 minutes ago
188.129.161.55,51108,GE,Georgia,elite proxy,no,no,21 minutes ago
103.221.254.102,31097,BD,Bangladesh,elite proxy,no,no,21 minutes ago
46.20.74.109,3128,RU,Russian Federation,elite proxy,no,yes,21 minutes ago
128.199.179.30,47862,SG,Singapore,elite proxy,no,yes,22 minutes ago
80.237.20.20,41824,RU,Russian Federation,elite proxy,no,yes,22 minutes ago
194.8.146.167,38479,UA,Ukraine,elite proxy,no,no,22 minutes ago
200.106.55.125,80,PE,Peru,elite proxy,no,yes,22 minutes ago
103.111.83.26,53861,ID,Indonesia,elite proxy,no,yes,22 minutes ago
103.247.226.114,51712,ID,Indonesia,elite proxy,no,yes,22 minutes ago
92.51.89.126,49309,GE,Georgia,elite proxy,no,yes,22 minutes ago
37.57.15.43,33761,UA,Ukraine,elite proxy,no,no,22 minutes ago
119.81.199.80,8123,SG,Singapore,elite proxy,no,no,22 minutes ago
119.81.199.82,8123,SG,Singapore,elite proxy,no,no,22 minutes ago
45.4.85.75,9991,HN,Honduras,elite proxy,no,yes,22 minutes ago
203.223.41.34,57897,KH,Cambodia,elite proxy,no,yes,22 minutes ago
118.172.201.105,43327,TH,Thailand,elite proxy,no,yes,22 minutes ago
89.24.76.185,35864,CZ,Czech Republic,elite proxy,no,yes,22 minutes ago
35.194.235.181,80,--,Unknown,anonymous,no,yes,22 minutes ago
103.87.171.240,54044,IN,India,elite proxy,no,yes,22 minutes ago
113.53.29.218,33885,TH,Thailand,elite proxy,no,yes,22 minutes ago
110.74.208.154,21776,KH,Cambodia,elite proxy,no,yes,22 minutes ago
69.65.65.178,58389,US,United States,elite proxy,no,yes,22 minutes ago
51.158.30.109,3838,FR,France,anonymous,no,yes,22 minutes ago
199.115.147.193,42760,US,United States,elite proxy,no,yes,22 minutes ago
93.117.72.27,32468,MD,Moldova, Republic of,elite proxy,no,yes,22 minutes ago
45.175.182.123,60668,BR,Brazil,elite proxy,no,yes,22 minutes ago
89.107.197.118,53281,RU,Russian Federation,elite proxy,no,yes,22 minutes ago
124.41.211.40,61343,NP,Nepal,elite proxy,no,yes,22 minutes ago
176.28.75.230,54657,IQ,Iraq,elite proxy,no,yes,22 minutes ago
195.154.56.105,3838,FR,France,elite proxy,no,yes,22 minutes ago
182.52.90.43,33326,TH,Thailand,anonymous,no,yes,22 minutes ago
103.37.81.92,41077,IN,India,elite proxy,no,yes,22 minutes ago
132.255.34.24,56164,BR,Brazil,elite proxy,no,yes,22 minutes ago
190.90.63.137,41932,CO,Colombia,elite proxy,no,yes,22 minutes ago
103.239.254.114,30162,BD,Bangladesh,elite proxy,no,yes,22 minutes ago
124.41.211.186,43523,NP,Nepal,elite proxy,no,yes,22 minutes ago
99.192.170.250,80,US,United States,elite proxy,no,yes,22 minutes ago
92.247.2.26,21231,BG,Bulgaria,elite proxy,no,yes,22 minutes ago
36.89.190.211,37145,ID,Indonesia,elite proxy,no,yes,22 minutes ago
180.183.113.75,8213,TH,Thailand,anonymous,no,yes,22 minutes ago
118.172.51.84,49716,TH,Thailand,elite proxy,no,yes,22 minutes ago
87.255.27.163,3128,RU,Russian Federation,anonymous,no,yes,22 minutes ago
109.167.40.129,31217,ES,Spain,elite proxy,no,yes,22 minutes ago
180.180.124.248,60098,TH,Thailand,elite proxy,no,yes,22 minutes ago
195.9.61.22,56099,RU,Russian Federation,elite proxy,no,yes,22 minutes ago
103.215.177.180,80,ID,Indonesia,anonymous,no,yes,22 minutes ago
114.7.193.214,8080,ID,Indonesia,anonymous,no,yes,22 minutes ago
116.90.229.186,49933,NP,Nepal,elite proxy,no,yes,22 minutes ago
109.224.55.10,38261,IQ,Iraq,elite proxy,no,yes,23 minutes ago
213.172.156.217,36142,ZA,South Africa,elite proxy,no,yes,23 minutes ago
103.106.28.78,30909,IN,India,elite proxy,no,yes,23 minutes ago
91.219.56.221,8080,RU,Russian Federation,elite proxy,no,yes,23 minutes ago
191.246.203.33,8080,BR,Brazil,transparent,no,no,27 minutes ago
185.232.66.123,5836,RO,Romania,level3,no,no,28 minutes ago
188.119.120.103,5836,RU,Russian Federation,level3,no,no,28 minutes ago
212.129.58.81,5836,FR,France,level3,no,no,28 minutes ago

